X-date,Y-Mbyte,Date,Month,Ref:,Page,Company,Size Kbyte,Cost US $,Speed nsec, Memory Type,JDR Chip Prices Size Kbit,US$,nsec
1957,"411,041,792",1957,,Phister 366,366,C.C.C.,0.000976563,392,10000,Flip-Flop transistor,,,
1959,"67,947,725",1959,,Phister 366,366,E.E.Co.,0.000976563,64.8,10000,Flip-Flop - vacuum tube,,,
1960,"5,242,880",1960,,Phister 367,367,IBM,0.000976563,5,11500,Core memory for IBM 1401,,,
1965,"2,642,412",1965,,Phister 367,367,IBM,0.000976563,2.52,2000,Core Memory for IBM 360/30,,,
1970,"734,003",1970,,Phister 367,367,IBM,0.000976563,0.7,770,Core Memory for IBM 370/135,,,
1973,"399,360",1973,Jan,PDP8/e User Price List,,DEC,12,4680,,Core memory 8Kwords x 12 bit,,,
1974,"314,573",1974,,Phister 367,367,IBM,0.000976563,0.3,800,IC Memory for IBM 370/125,,,
1975,"421,888",1975,Jan,Radio-Electronics,,MITS,0.25,103,1000,Altair 8800 256 Byte Static Board,,,
1975.08,"180,224",1975,Feb,,,MITS,1,176,,Altair 1K Static Board,,,
1975.25,"67,584",1975,Apr,,,MITS,4,264,,Altair 4K DRAM Board,,,
1975.75,"49,920",1975,Oct,,,MITS,4,195,,Altair 4K Static (2102) RAM Board,,,
1976,"40,704",1976,Jan,,,MITS,4,159,,Altair 4K Static (2102) RAM Board,,,
1976.17,"48,960",1976,Mar,,,MITS,16,765,,Altair 16K Static RAM Board,,,
1976.42,"23,040",1976,Jun,,,SD Sales,4,90,,SD Sales 4K Static Board,,,
1976.58,"32,000",1976,Aug,,,,8,250,,8K Static RAM Board,,,
1977.08,"36,800",1977,Feb,,,TDL,16,575,,S-100 16K,,,
1978.17,"28,000",1978,Mar,,,,64,1750,,S-100 64K,,,
1978.25,"29,440",1978,Apr,,,,16,460,,,,,
1978.33,"19,200",1978,May,,,,16,300,,,,,
1978.5,"24,000",1978,Jul,,,Extensis,64,1500,,,,,
1978.58,"16,000",1978,Aug,,,,8,125,,,,,
1978.75,"15,200",1978,Oct,,,,32,475,,,,,
1979,"10,528",1979,Jan,Interface Age,124,,32,329,,,,,
1979.75,"6,704",1979,Oct,,,SD Sales - Jade,64,419,,"S-100, SD Sales/Jade 64K Kit",,,
1980,"6,480",1980,Jan,Interface Age,121,,64,405,,,,,
1981,"8,800",1981,Jan,Interface Age,141,,64,550,,,,,
1981.58,"4,479",1981,Aug,,,Jade,64,279.95,,,,,
1982,"3,520",1982,Jan,Interface Age,135,,256,880,,,,,
1982.17,"4,464",1982,Mar,Microsystems,,,64,279,,,,,
1982.67,"1,980",1982,Sep,BYTE,,California Digital,256,495,,,,,
1983,"2,396",1983,Jan,Interface Age,153,,256,599,,,,,
1983.67,"1,980",1983,Sep,BYTE,,California Digital,256,495,,,,,
1984,"1,379",1984,Jan,BYTE,64,,384,517,,,,,
1984.58,"1,331",1984,Aug,BYTE,467,Advanced Computer Products,384,499,,"IBM PC Board, 384K, $199+6*50",256,79,
1985,880,1985,Jan,BYTE,470,Do Kay,512,440,,IBM 512K $199.95+8*29.97,,,
1985.33,720,1985,May,BYTE,507,Do Kay,512,360,,IBM 512K $199.95+8*19.98,,8.95,
1985.42,550,1985,Jun,BYTE,505,Do Kay,512,275,,IBM 512K $149+8*15.75,,5.95,200
1985.5,420,1985,Jul,BYTE,435,Fortron,512,210,,IBM 512K $119+7*13,,5.95,200
1985.58,350,1985,Aug,BYTE,418,Jade,2048,699,,2MB J-RAM-2 A&T $699,256,3.95,200
1985.67,300,1985,Sep,BYTE,444,Jade,2048,599,,2MB J-RAM-2 A&T $599,256,2.95,200
1985.83,300,1985,Nov,BYTE,,Jade,2048,599,,2MB J-RAM-2 A&T $599,256,2.95,200
1985.92,300,1985,Dec,BYTE,,Jade,2048,599,,2MB J-RAM-2 A&T $599,256,2.95,200
1986,300,1986,Jan,BYTE,,Jade,2048,599,,2MB J-RAM-2 A&T $599,256,2.95,150
1986.08,300,1986,Feb,BYTE,,Jade,2048,599,,2MB J-RAM-2 A&T $599,256,2.95,150
1986.17,300,1986,Mar,BYTE,,Jade,2048,599,,2MB J-RAM-2 A&T $599,256,2.95,150
1986.25,300,1986,Apr,BYTE,,Jade,2048,599,,2MB J-RAM-2 A&T $599,256,2.95,150
1986.33,190,1986,May,BYTE,,JDR,3072,568.5,,JDR AT Multifuntion $199.95+49.95+318.60,256,2.95,150
1986.42,190,1986,Jun,BYTE,,JDR,3072,568.5,,JDR AT Multifuntion $199.95+49.95+318.60,256,2.95,150
1986.5,190,1986,Jul,BYTE,,JDR,3072,568.5,,JDR AT Multifuntion $199.95+49.95+318.60,256,2.95,150
1986.58,190,1986,Aug,BYTE,,JDR,3072,568.5,,JDR AT Multifuntion $199.95+49.95+318.60,256,2.95,150
1986.67,190,1986,Sep,BYTE,,JDR,3072,568.5,,JDR AT Multifuntion $199.95+49.95+318.60,256,2.95,150
1986.75,190,1986,Oct,BYTE,,JDR,3072,568.5,,JDR AT Multifuntion $199.95+49.95+318.60,256,2.95,150
1986.92,190,1986,Dec,BYTE,,JDR,3072,568.5,,JDR AT Multifuntion $199.95+49.95+318.60,256,2.95,150
1987,176,1987,Jan,BYTE,477,JDR,3072,528.5,,JDR AT Multifuntion $139.95+49.95+3*36*2.95,256,2.95,150
1987.08,176,1987,Feb,BYTE,,JDR,3072,528.5,,JDR AT Multifuntion $139.95+49.95+3*36*2.95,256,2.95,150
1987.17,157,1987,Mar,BYTE,383,Pine,3072,471,,Pine 3MB Multifunction $147+108*3,256,2.95,150
1987.25,154,1987,Apr,BYTE,,JDR,4096,614.7,,JDR MCT-ATRAM 4MB $149.95+39.95+4*36*2.95,256,2.95,150
1987.33,154,1987,May,BYTE,,JDR,4096,614.7,,JDR MCT-ATRAM 4MB $149.95+39.95+4*36*2.95,256,2.95,150
1987.42,154,1987,Jun,BYTE,,JDR,4096,614.7,,JDR MCT-ATRAM 4MB $149.95+39.95+4*36*2.95,256,2.95,150
1987.5,154,1987,Jul,BYTE,,JDR,4096,614.7,,JDR MCT-ATRAM 4MB $149.95+39.95+4*36*2.95,256,2.95,150
1987.58,154,1987,Aug,BYTE,,JDR,4096,614.7,,JDR MCT-ATRAM 4MB $149.95+39.95+4*36*2.95,256,2.95,150
1987.67,163,1987,Sep,BYTE,,JDR,3072,488.47,,JDR MCT-ATMF 3MB Multifunction,256,2.95,150
1987.75,133,1987,Oct,BYTE,322,Advanced Computer Products,3072,399,,AST Advantage AT w/3MB,256,2.95,150
1987.83,163,1987,Nov,BYTE,,JDR,3072,488.47,,JDR MCT-ATMF 3MB Multifunction,256,2.95,150
1987.92,163,1987,Dec,BYTE,,JDR,3072,488.47,,JDR MCT-ATMF 3MB Multifunction,256,2.95,150
1988,163,1988,Jan,BYTE,,JDR,3072,488.47,,JDR MCT-ATMF 3MB Multifunction,256,2.95,150
1988.08,182,1988,Feb,BYTE,,JDR,3072,546.82,,JDR MCT-ATMF 3MB Multifunc $169.90+3*36*3.49,256,3.49,150
1988.17,199,1988,Mar,BYTE,,JDR,3072,596.5,,JDR MCT-ATMF 3MB Multifunc $169.90+426.60,256,3.95,150
1988.33,199,1988,May,BYTE,,JDR,3072,596.5,,JDR MCT-ATMF 3MB Multifunc $169.90+426.60,256,3.95,150
1988.42,199,1988,Jun,BYTE,,JDR,3072,596.5,,JDR MCT-ATMF 3MB Multifunc $169.90+426.60,256,3.95,150
1988.5,505,1988,Jul,BYTE,,JDR,3072,1514.5,,JDR MCT-ATMF 3MB Multifunc $169.90+3*36*12.45,256,12.45,150
1988.58,505,1988,Aug,BYTE,,JDR,3072,1514.5,,JDR MCT-ATMF 3MB Multifunc $169.90+3*36*12.45,256,12.45,150
1988.67,505,1988,Sep,BYTE,,JDR,3072,1514.5,,JDR MCT-ATMF 3MB Multifunc $169.90+3*36*12.45,256,12.45,150
1988.75,505,1988,Oct,BYTE,,JDR,3072,1514.5,,JDR MCT-ATMF 3MB Multifunc $169.90+3*36*12.45,256,12.45,150
1988.83,505,1988,Nov,BYTE,,JDR,3072,1514.5,,JDR MCT-ATMF 3MB Multifunc $169.90+3*36*12.45,256,12.45,150
1989.92,505,1989,Dec,BYTE,,JDR,3072,1514.5,,JDR MCT-ATMF 3MB Multifunc $169.90+3*36*12.45,256,12.45,150
1989,505,1989,Jan,BYTE,,JDR,3072,1514.5,,JDR MCT-ATMF 3MB Multifunc $169.90+3*36*12.45,256,12.45,150
1989.08,505,1989,Feb,BYTE,,JDR,3072,1514.5,,JDR MCT-ATMF 3MB Multifunc $169.90+3*36*12.45,256,12.45,150
1989.17,505,1989,Mar,BYTE,,JDR,3072,1514.5,,JDR MCT-ATMF 3MB Multifunc $169.90+3*36*12.45,256,12.45,150
1989.25,505,1989,Apr,BYTE,,JDR,3072,1514.5,,JDR MCT-ATMF 3MB Multifunc $169.90+3*36*12.45,256,12.45,150
1989.42,344,1989,Jun,BYTE,,JDR,3072,1032.82,,JDR MCT-ATMF 3MB Multifunc $169.90+3*36*7.99,1024,24.95,120
1989.5,197,1989,Jul,BYTE,316,Unitex,4096,789,,Unitex RAMII-EMS - 4MB $249+36*15.00,1024,19.95,120
1989.58,188,1989,Aug,BYTE,302,Unitex,4096,753,,Everex RAM II 4M-EMS $249+36*14.,1024,19.95,120
1989.67,188,1989,Sep,BYTE,,Unitex,4096,753,,Everex RAM II 4M-EMS $249+36*14.,1024,13.95,120
1989.75,128,1989,Oct,BYTE,340,Unitex,8192,1023,,Bocaram AT 8MB - $159+72*12,1024,13.95,120
1989.83,117,1989,Nov,BYTE,,Unitex,10240,1169,,"Everex RAM 10,000 10MB $179+90*11.",1024,13.95,120
1989.92,113,1989,Dec,BYTE,,Unitex,8192,905,,Bocaram AT 8MB - $149+72*10.50,1024,11.95,120
1990,106,1990,Jan,BYTE,,Unitex,8192,851,,Bocaram AT 8MB - $149+72*9.75,1024,11.95,120
1990.17,98.3,1990,Mar,BYTE,,Unitex,8192,786,,Bocaram AT 8MB - $149+72*8.50,1024,11.95,120
1990.33,98.3,1990,May,BYTE,,Unitex,8192,786,,Bocaram AT 8MB - $149+72*8.50,1024,11.95,120
1990.42,89.5,1990,Jun,BYTE,,Unitex,8192,716,,Bocaram AT 8MB - $140+72*8.00,1024,11.95,120
1990.5,82.8,1990,Jul,BYTE,,Unitex,8192,662,,Bocaram AT 8MB - $140+72*7.25,1024,11.95,120
1990.58,81.1,1990,Aug,BYTE,,Nevada,8192,649,,Bocaram AT Plus 8MB - $649,1024,11.95,120
1990.67,71.5,1990,Sep,BYTE,488,,8192,572,,Bocaram AT Plus 8MB - $140+72*6.00,1024,11.95,120
1990.75,59,1990,Oct,BYTE,343,IC Express,1024,59,80,1Mx9-80 SIMM @ $59,1024,11.95,120
1990.83,51,1990,Nov,BYTE,453,IC Express,1024,51,80,1Mx9-80 SIMM @ $51,1024,11.95,120
1990.92,45.5,1990,Dec,BYTE,388,IC Express,1024,45.5,80,1Mx9-80 SIMM @ $45.50,1024,7.95,120
1991,44.5,1991,Jan,BYTE,393,IC Express,1024,44.5,80,1Mx9-80 SIMM @ $44.50,1024,7.95,120
1991.08,44.5,1991,Feb,BYTE,335,IC Express,1024,44.5,80,1Mx9-80 SIMM @ $44.50,1024,7.95,120
1991.17,45,1991,Mar,BYTE,374,AMT International,1024,45,100,1Mx9-100 SIMM @ $45,1024,7.95,120
1991.25,45,1991,Apr,BYTE,373,AMT International,1024,45,100,1Mx9-100 SIMM @ $45,1024,7.95,120
1991.33,45,1991,May,BYTE,356,AMT International,1024,45,100,1Mx9-100 SIMM @ $45,1024,7.95,120
1991.42,43.8,1991,Jun,BYTE,398,IC Express,4096,175,80,4Mx9-80 SIMM @ $175,1024,6.89,120
1991.5,43.8,1991,Jul,BYTE,333,IC Express,4096,175,80,4Mx9-80 SIMM @ $175,1024,6.89,120
1991.58,41.3,1991,Aug,BYTE,321,IC Express,4096,165,80,4Mx9-80 SIMM @ $165,1024,6.89,120
1991.67,46.3,1991,Sep,BYTE,375,Microprocessors Internatinal,4096,185,80,4Mx9-80 SIMM @ $185,1024,6.95,100
1991.75,45,1991,Oct,BYTE,306,Microprocessors Internatinal,4096,180,80,4Mx9-80 SIMM @ $180,1024,6.95,100
1991.83,39.8,1991,Nov,BYTE,401,Nevada,4096,159,80,4Mx9-80 SIMM @ $159,1024,5.49,100
1991.92,39.8,1991,Dec,BYTE,316,Nevada,4096,159,80,4Mx9-80 SIMM @ $159,1024,5.49,100
1992,36.3,1992,Jan,BYTE,380,AMT International,4096,145,80,4Mx9-80 SIMM @ $145,1024,5.49,100
1992.08,36.3,1992,Feb,BYTE,316,AMT International,4096,145,80,4Mx9-80 SIMM @ $145,1024,5.49,100
1992.17,36.3,1992,Mar,BYTE,332,AMT International,4096,145,80,4Mx9-80 SIMM @ $145,36864,179.95,80
1992.25,34.8,1992,Apr,BYTE,318,Sii Micros,4096,139,,4Mx9-?? SIMM @ $139,36864,179.95,80
1992.33,30,1992,May,BYTE,342,AMT International,4096,120,80,4Mx9-80 SIMM @ $120,36864,179.95,80
1992.42,32.5,1992,Jun,BYTE,406,AmRam,4096,130,80,4Mx9-80 SIMM @ $130,36864,179.95,80
1992.5,33.5,1992,Jul,BYTE,351,AmRam,4096,134,80,4Mx9-80 SIMM @ $134,36864,179.95,80
1992.58,31,1992,Aug,BYTE,324,Worldwide,4096,124,70,4Mx9-70 SIMM @ $124,9216,39.95,100
1992.67,27.5,1992,Sep,BYTE,350,AMT International,4096,110,80,4Mx9-80 SIMM @ $110,9216,39.95,100
1992.75,26.3,1992,Oct,BYTE,321,AMT International,4096,105,80,4Mx9-80 SIMM @ $105,36864,149.95,80
1992.83,26.3,1992,Nov,BYTE,346,AMT International,4096,105,80,4Mx9-80 SIMM @ $105,36864,149.95,80
1992.92,26.3,1992,Dec,BYTE,302,AMT International,4096,105,80,4Mx9-80 SIMM @ $105,36864,149.95,80
1993,33.1,1993,Jan,BYTE,307,Cititronics,16384,529,,4Mx36-?? SIMM @ $526,36864,149.95,80
1993.08,27.5,1993,Feb,BYTE,269,Memory Superstore,4096,110,70,4Mx9-70 SIMM @ $110,36864,149.95,80
1993.17,27.5,1993,Mar,BYTE,239,Memory Superstore,4096,110,70,4Mx9-70 SIMM @ $110,36864,149.95,80
1993.25,27.5,1993,Apr,BYTE,245,Memory Superstore,4096,110,70,4Mx9-70 SIMM @ $110,36864,149.95,80
1993.33,27.5,1993,May,BYTE,263,Memory Superstore,4096,110,70,4Mx9-70 SIMM @ $110,36864,149.95,80
1993.42,30,1993,Jun,BYTE,249,AMT International,1024,30,100,1Mx9-100 SIMM @ $30,36864,149.95,80
1993.5,30,1993,Jul,BYTE,266,AMT International,1024,30,100,1Mx9-100 SIMM @ $30,36864,149.95,80
1993.58,30,1993,Aug,BYTE,245,AMT International,1024,30,100,1Mx9-100 SIMM @ $30,36864,149.95,80
1993.67,30,1993,Sep,BYTE,267,AMT International,1024,30,100,1Mx9-100 SIMM @ $30,36864,149.95,80
1993.75,36,1993,Oct,BYTE,260,LA Trade,4096,144,80,4Mx9-80 SIMM @ $144,36864,159.95,80
1993.83,39.8,1993,Nov,BYTE,360,First Source International,4096,159,70,4Mx9-70 SIMM @ $159,36864,159.95,80
1993.92,35.8,1993,Dec,BYTE,280,West Coast Micro,4096,143,70,4Mx3x3-70 SIMM @ $143,36864,159.95,80
1994,35.8,1994,Jan,BYTE,290,West Coast Micro,4096,143,70,4Mx3x3-70 SIMM @ $143,36864,159.95,80
1994.08,35.8,1994,Feb,BYTE,250,West Coast Micro,4096,143,70,4Mx3x3-70 SIMM @ $143,36864,159.95,80
1994.17,36,1994,Mar,BYTE,251,Nevada,4096,144,80,4Mx9-80 SIMM @ $144,36864,159.95,80
1994.25,37.3,1994,Apr,BYTE,270,La Trade,4096,149,80,4Mx9-80 SIMM @ $149,36864,154.95,80
1994.33,37.3,1994,May,BYTE,238,La Trade,4096,149,80,4Mx9-80 SIMM @ $149,36864,154.95,80
1994.42,37.3,1994,Jun,BYTE,320,La Trade,4096,149,80,4Mx9-80 SIMM @ $149,36864,169.95,60
1994.5,38.5,1994,Jul,BYTE,239,Nevada,4096,154,80,4Mx9-80 SIMM @ $154,36864,169.95,60
1994.58,37,1994,Aug,BYTE,226,Nevada,1024,37,100,1Mx9-100 SIMM @ $37,36864,169.95,60
1994.67,34,1994,Sep,BYTE,244,Pacific Coast Micro,4096,136,70,4Mx9-70 SIMM @ $136,36864,169.95,60
1994.75,33.5,1994,Oct,BYTE,259,Pacific Coast Micro,4096,134,70,4Mx9-70 SIMM @ $134,36864,159.95,70
1994.83,32.3,1994,Nov,BYTE,324,Pacific Coast Micro,4096,129,70,4Mx9-70 SIMM @ $129,36864,159.95,70
1994.92,32.3,1994,Dec,BYTE,264,Pacific Coast Micro,4096,129,70,4Mx9-70 SIMM @ $129,36864,159.95,70
1995,32.3,1995,Jan,BYTE,256,Nevada,4096,129,80,4Mx9-80 SIMM @ $129,36864,159.95,70
1995.08,32,1995,Feb,BYTE,202,First Source International,4096,128,70,4Mx9-70 SIMM @ $129,36864,159.95,70
1995.17,32,1995,Mar,BYTE,212,First Source International,4096,128,70,4Mx9-70 SIMM @ $129,36864,159.95,70
1995.25,31.2,1995,Apr,BYTE,254,Pacific Coast Micro,16384,499,70,4Mx36-70 SIMM [72 pin] @ $499,9216,37.95,80
1995.33,31.2,1995,May,BYTE,222,Pacific Coast Micro,16384,499,70,4Mx36-70 SIMM [72 pin] @ $499,9216,37.95,80
1995.42,31.1,1995,Jun,BYTE,286,First Source International,16384,498,70,4Mx36-70 SIMM [72 pin] @ $498,36864,135.29,80
1995.5,31.2,1995,Jul,BYTE,213,Pacific Coast Micro,16384,499,70,4Mx36-70 SIMM [72 pin] @ $499,147456,619,70
1995.58,30.6,1995,Aug,BYTE,190,Pacific Coast Micro,16384,489,70,4Mx36-70 SIMM [72 pin] @ $489,147456,619,70
1995.67,33.1,1995,Sep,BYTE,306,Future Micro,16384,529,70,4Mx36-70 SIMM [72 pin] @ $529,147456,619,70
1995.75,33.1,1995,Oct,BYTE,214,Future Micro,16384,529,70,4Mx36-70 SIMM [72 pin] @ $529,294912,1199,70
1995.83,30.9,1995,Nov,BYTE,286,First Source International,16384,494,70,4Mx36-70 SIMM [72 pin] @ $494,294912,1199,70
1995.92,30.9,1995,Dec,BYTE,244,First Source International,16384,494,70,4Mx36-70 SIMM [72 pin] @ $494,147456,699,70
1996,29.9,1996,Jan,BYTE,186,First Source International,16384,478,70,4Mx36-70 SIMM [72 pin] @ $478,147456,689,70
1996.08,28.8,1996,Feb,BYTE,217,Worldwide,16384,460,70,4Mx36-70 SIMM [72 pin] @ $460,147456,689,70
1996.17,26.1,1996,Mar,BYTE,170,First Source International,8192,209,70,2Mx36-70 SIMM [72 pin] @ $209,36864,133.95,70
1996.25,24.7,1996,Apr,BYTE,196,Worldwide,16384,395,70,4Mx36-70 SIMM [72 pin] @ $395,36864,129.95,70
1996.33,17.2,1996,May,BYTE,195,Worldwide,32768,550,60,8Mx36-60 SIMM [72 pin] @ $550,no JDR ads anymore,,
1996.42,14.9,1996,Jun,BYTE,186,First Source International,8192,119,70,2Mx36-70 SIMM [72 pin] @ $119,Byte appears to be,,
1996.5,11.3,1996,Jul,BYTE,180,Worldwide,16384,180,60,4Mx32-60 SIMM [72 pin] @ $180,going downhill in,,
1996.58,9.06,1996,Aug,BYTE,164,Worldwide,16384,145,60,4Mx36-60 SIMM [72 pin] @ $145,"subscriptions, etc.",,
1996.67,8.44,1996,Sep,BYTE,192,Worldwide,16384,135,60,4Mx36-60 SIMM [72 pin] @ $135,,,
1996.75,8,1996,Oct,BYTE,181,First Source International,16384,128,70,4Mx36-70 SIMM [72 pin] @ $128,,,
1996.83,5.25,1996,Nov,BYTE,210,First Source International,8192,42,70,2Mx32-70 SIMM [72 pin] @ $42,,,
1996.92,5.25,1996,Dec,BYTE,177,First Source International,8192,42,70,2Mx32-70 SIMM [72 pin] @ $42,,,
1997,4.63,1997,Jan,BYTE,153,First Source International,8192,37,60,2Mx32-60 SIMM EDO [72 pin] @ $37,,,
1997.08,3.63,1997,Feb,BYTE,169,Memory On-Line,8192,29,60,2Mx32-60 SIMM EDO [72 pin] @ $29,,,
1997.17,3,1997,Mar,BYTE,167,Memory On-Line,8192,24,60,2Mx32-60 SIMM EDO [72 pin] @ $24,,,
1997.25,3,1997,Apr,BYTE,166,Memory On-Line,8192,24,60,2Mx32-60 SIMM EDO [72 pin] @ $24,,,
1997.33,3,1997,May,BYTE,147,Memory On-Line,8192,24,60,2Mx32-60 SIMM EDO [72 pin] @ $24,,,
1997.42,3.69,1997,Jun,BYTE,163,Memory On-Line,16384,59,60,4Mx32-60 SIMM EDO [72 pin] @ $59,,,
1997.5,4,1997,Jul,Pcmag,401,Miami Int'l,8192,32,70,2Mx32-? SIMM EDO [72 pin] @ $32,last Byte,,
1997.58,4.13,1997,Aug,Pcmag,416,Bason Memory Warehouse,8192,33,70,2Mx32-? SIMM FPM [72 pin] @ $33,,,
1997.67,3.63,1997,23-Sep,Pcmag,306,Miami Int'l,16384,58,,???,,,
1997.75,3.41,1997,21-Oct,Pcmag,339,Miami Int'l,32768,109,,???,,,
1997.83,3.25,1997,18-Nov,Pcmag,315,LA Trade,32768,104,,8Mx32-? SIMM EDO [72 pin] @ $104,,,
1997.92,2.16,1997,16-Dec,Pcmag,329,Computer America Inc,32768,69,,8Mx32-? SIMM EDO [72 pin] @ $69,,,
1998,2.16,1998,20-Jan,Pcmag,277,Computer America Inc,32768,69,,8Mx32-? SIMM EDO [72 pin] @ $69,,,
1998.08,0.91,1998,24-Feb,Pcmag,261,Computer America Inc,32768,29,,8Mx32-? SIMM EDO [72 pin] @ $29,,,
1998.17,0.97,1998,10-Mar,Pcmag,302,Computer America Inc,32768,31,,8Mx32-? SIMM EDO [72 pin] @ $31,,,
1998.25,1.22,1998,21-Apr,Pcmag,258,Computer America Inc,32768,39,,8Mx32-? SIMM EDO [72 pin] @ $39,,,
1998.33,1.19,1998,26-May,Pcmag,294,Computer America Inc,32768,38,,8Mx32-? SIMM EDO [72 pin] @ $38,,,
1998.42,0.97,1998,30-Jun,Pcmag,296,Computer America Inc,32768,31,,8Mx32-? SIMM EDO [72 pin] @ $31,,,
1998.58,1.03,1998,Aug,Pcmag,388,Computer Services,32768,33,,4Mx64-? DIMM SDRAM @ $33,,,
1998.67,0.97,1998,22-Sep,Pcmag,279,Computer Services,32768,31,,8Mx32-? SIMM EDO [72 pin] @ $31,,,
1998.75,1.16,1998,20-Oct,Pcmag,293,Computer Services,32768,37,,8Mx32-? SIMM EDO [72 pin] @ $37,,,
1998.83,0.84,1998,17-Nov,Pcmag,286,Discount Memory,32768,27,,8Mx32-? SIMM FPM [72 pin] @ $27,,,
1998.92,0.84,1998,1-Dec,Pcmag,390,Discount Memory,32768,27,,8Mx32-? SIMM FPM [72 pin] @ $27,,,
1999.08,1.44,1999,9-Feb,Pcmag,263,Memory Liquidators,32768,46,,8Mx32-? SIMM FPM [72 pin] @ $46,,,
1999.13,0.84,1999,23-Feb,Pcmag,226,Discount Memory,32768,27,,8Mx32-? SIMM FPM [72 pin] @ $27,,,
1999.17,1.25,1999,23-Mar,Pcmag,261,Tiger Systems,65536,79.99,,64 MB DIMM PC-100 @ $79.99,,,
1999.25,1.25,1999,20-Apr,Pcmag,277,TigerDirect.com,65536,79.99,,64 MB DIMM PC-100 @ $79.99,,,
1999.33,0.86,1999,25-May,Pcmag,273,TigerDirect.com,65536,54.99,,64 MB DIMM PC-100 @ $54.99,,,
1999.5,0.78,1999,Jul-99,Pcmag,323,TigerDirect.com,131072,99.99,,128 MB DIMM PC-100 @ $99.99,,,
1999.67,0.87,1999,21-Sep,Pcmag,222,www.crucial.com,131072,111.14,,128 MB DIMM PC-100 @ $111.14,,,
1999.75,1.04,1999,19-Oct,Pcmag,219,www.crucial.com,65536,66.49,,64 MB DIMM PC-100 @ $66.49,,,
1999.83,1.34,1999,16-Nov,Pcmag,247,www.crucial.com,131072,170.99,,128 MB DIMM PC-100 @ $170.99,,,
1999.92,2.35,1999,1-Dec,Pcmag,287,www.crucial.com,131072,300.59,,128 MB DIMM PC-100 @ $300.59,,,
2000,1.56,2000,18-Jan,Pcmag,14,Crucial Technology,65536,99.89,,64 MB DIMM PC-100 @ $99.89,,,
2000.08,1.48,2000,18-Feb,Pcmag,18,Crucial Technology,65536,94.49,,64 MB DIMM PC-100 @ $94.49,,,
2000.17,1.08,2000,21-Mar,Pcmag,214,StarSurplus.com,65536,69,,64 MB DIMM PC-100 @ $69,,,
2000.25,0.84,2000,18-Apr,Pcmag,16,Crucial Technology,65536,53.99,,64 MB DIMM PC-100 @ $53.99,,,
2000.33,0.7,2000,9-May,Pcmag,254,StarSurplus.com,131072,89,,128 MB DIMM PC-100 @ $89,,,
2000.42,0.9,2000,27-Jun,Pcmag,18,Crucial Technology,65536,57.59,,64 MB DIMM PC-100 @ $57.59,,,
2000.5,0.77,2000,Jul,Pcmag,228,StarSurplus.com,131072,99,,128 MB DIMM PC-133 @ $99,,,
2000.58,0.84,2000,Aug,Pcmag,18,Crucial Technology,65536,53.99,,64 MB DIMM PC-100 @ $53.99,,,
2000.67,1.07,2000,1-Sep,Pcmag,18,Crucial Technology,65536,68.39,,64 MB DIMM PC-133 @ $68.39,only advert for RAM,,
2000.75,1.12,2000,3-Oct,Pcmag,18,Crucial Technology,65536,71.99,,64 MB DIMM PC-133 @ $71.99,only advert for RAM,,
2000.83,1.12,2000,7-Nov,Pcmag,18,Crucial Technology,65536,71.99,,64 MB DIMM PC-133 @ $71.99,only advert for RAM,,
2000.92,0.9,2000,5-Dec,Pcmag,19,Crucial Technology,65536,57.59,,64 MB DIMM PC-133 @ $57.59,discount for web purchase,,
2001,0.75,2001,2-Jan,Pcmag,19,Crucial Technology,65536,47.69,,64 MB DIMM PC-133 @ $47.69,discount for web purchase,,
2001.08,0.464,2001,6-Feb,Pcmag,90,Crucial Technology,131072,59.39,,128 MB DIMM PC-133 @ $59.39,discount for web purchase,,
2001.17,0.464,2001,6-Mar,Pcmag,99,Crucial Technology,131072,59.39,,128 MB DIMM PC-133 @ $59.39,discount for web purchase,,
2001.25,0.383,2001,3-Apr,Pcmag,178,StarSurplus.com,131072,49,,128 MB DIMM PC-133 @ $49,,,
2001.33,0.387,2001,8-May,Pcmag,85,Crucial Technology,131072,49.49,,128 MB DIMM PC-100 @ $49.49,discount for web purchase,,
2001.42,0.305,2001,12-Jun,Pcmag,207,StarSurplus.com,131072,39,,128 MB DIMM PC-133 @ $39,,,
2001.5,0.352,2001,Jul,Pcmag,143,Crucial Technology,262144,89.99,,256 MB DDR PC2100 @ $89.99,discount for web purchase,,
2001.5,0.27,2001,Jul,Pcmag,196,iMemoryMall.com,262144,69,,256 MB DIMM PC-133 @ $69,,,
2001.58,0.191,2001,Aug,Pcmag,169,StarSurplus.com,262144,49,,256 MB DIMM PC-133 @ $49,,,
2001.67,0.191,2001,4-Sep,Pcmag,215,StarSurplus.com,262144,49,,256 MB DIMM PC-133 @ $49,,,
2001.75,0.169,2001,16-Oct,Pcmag,60,Crucial Technology,131072,21.59,,128 MB DIMM PC-133 @ $21.59,discount for web purchase,,
2001.77,0.148,2001,30-Oct,Pcmag,161,Crucial Technology,131072,18.89,,128 MB DIMM PC-133 @ $18.89,discount for web purchase,,
2002.08,0.134,2002,12-Feb,Pcmag,47,Crucial Technology,262144,34.19,,256 MB DIMM PC-133 @ $34.19,,,
2002.08,0.207,2002,12-Feb,Pcmag,47,Crucial Technology,262144,53.09,,256 MB DDR PC2100 @ $53.09,,,
2002.25,0.193,2002,9-Apr,Pcmag,133,StarSurplus.com,524288,99,,512 MB DIMM PC-133 @ $99,,,
2002.33,0.193,2002,7-May,Pcmag,132,StarSurplus.com,524288,99,,512 MB DIMM PC-133 @ $99,,,
2002.42,0.33,2002,30-Jun,Pcmag,68,Crucial Technology,131072,42.29,,128 MB DIMM PC-133 @ $42.29,,,
2002.58,0.193,2002,2-Aug,Pcmag,49,Crucial Technology,262144,49.49,,256 MB DIMM PC-133 @ $49.49,,,
2002.75,0.193,2002,1-Oct,Pcmag,115,Crucial Technology,262144,49.49,,256 MB DIMM PC-133 @ $49.49,,,
2003.17,0.176,2003,25-Mar,Pcmag,95,NewEgg.com,262144,45,,256 MB DIMM DDR-2100 @ $45,,,
2003.25,0.076,2003,22-Apr,Pcmag,133,StarSurplus.com,524288,39,,512 MB DIMM PC-133 @ $39,,,
2003.33,0.126,2003,27-May,Pcmag,95,NewEgg.com,524288,64.5,,512 MB DIMM DDR-2700 @ $64.50,,,
2003.42,0.115,2003,17-Jun,Pcmag,137,HardDrive.com,524288,59,,512 MB DIMM PC-133 @ $59,,,
2003.5,0.133,2003,July,Pcmag,101,Crucial Technology,262144,33.99,,256 MB DIMM DDR-2100 @ $33.99,,,
2003.58,0.129,2003,19-Aug,Pcmag,54,Crucial Technology,524288,65.99,,512 MB DIMM SDRAM @ $65.99,DDR at $72.99,,
2003.67,0.143,2003,16-Sep,Pcmag,64,Crucial Technology,524288,72.99,,512 MB DIMM SDRAM @ $72.99,DDR at $86.99,,
2003.75,0.148,2003,1-Oct,Pcmag,54,Crucial Technology,524288,75.99,,512 MB DIMM SDRAM @ $75.99,DDR at $86.99,,
2003.83,0.16,2003,25-Nov,Pcmag,82,Crucial Technology,524288,81.99,,512 MB DIMM PC-133 @ $81.99,DDR at $85.99,,
2003.99,0.166,2003,30-Dec,Pcmag,37,Crucial Technology,524288,84.99,,512 MB DIMM PC-133 @ $84.99,DDR at $85.99,,
2004,0.174,2004,Jan,Pcmag,143,NewEgg.com,524288,89,,512 MB DIMM DDR-3200 @ $89,,,
2004.08,0.148,2004,17-Feb,Pcmag,78,NewEgg.com,524288,76,,512 MB DIMM DDR-3200 @ $76,GEIL,,
2004.17,0.146,2004,16-Mar,Pcmag,115,NewEgg.com,524288,75,,512 MB DIMM DDR-3200 @ $75,GEIL,,
2004.33,0.156,2004,4-May,Pcmag,19,NewEgg.com,524288,80,,512 MB DIMM DDR-3200 @ $76,GEIL,,
2004.42,0.203,2004,8-Jun,Pcmag,19,NewEgg.com,524288,104,,512 MB DIMM DDR-3200 @ $104,GEIL,,
2004.5,0.176,2004,July,Pcmag,19,NewEgg.com,524288,90,,512 MB DIMM DDR-3200 @ $90,Kingston,,
2005.25,0.185,2005,12-Apr,Pcmag,24,NewEgg.com,1048576,189,,2x512 MB DIMM DDR-3200 @ $90,Mushkin,,
2005.42,0.149,2005,7-Jun,Pcmag,20,NewEgg.com,1048576,153,,1 GB DIMM DDR PC-3200Pro @ $153,Corsair,,
2005.83,0.116,2005,8-Nov,Pcmag,67,NewEgg.com,1048576,119,,1 GB DIMM DDR2-533 @ $119,,,
2005.92,0.185,2005,6-Dec,Pcmag,139,NewEgg.com,1048576,189,,2x512 MB DIMM DDR-4800 @ $189,,,
2006.17,0.112,2006,21-Mar,Pcmag,66,NewEgg.com,2097152,229.81,,2x1 GB DIMM DDR-500 PC4000 @ $229.81,OCZ Gold,,
2006.33,0.073,2006,25-May,Web,,NewEgg.com,2097152,148.99,,2x1 GB DIMM DDR2-667 @ $148.99 free shipping,OCZ Gold,,
2006.5,0.082,2006,23-Jul,Web,,NewEgg.com,1048576,83.99,,1GB DIMM DDR2-667 @$83.99,Kingston,,
2006.67,0.073,2006,1-Sep,Web,,NewEgg.com,2097152,149.99,,2x1 GB DIMM DDR2-667 @ $179.99-$30 rebate + 4.99 shipping,OCZ Gold,,
2006.75,0.088,2006,5-Oct,Web,,NewEgg.com,2097152,179.98,,2x1 GB DIMM DDR2-667 @ $214.99-$40 rebate + 4.99 shipping,PQi,,
2006.83,0.098,2006,25-Nov,Web,,NewEgg.com,2097152,199.99,,2x1 GB DIMM DDR2-800 @ $199.99 + free shipping,G. Skill,,
2006.99,0.092,2006,21-Dec,Web,,NewEgg.com,1048576,93.98,,1GB DIMM DDR-400 @$88.99 + 4.99 shipping,Wintec,,
2007,0.082,2007,28-Jan,Web,,NewEgg.com,1048576,83.98,,1GB DIMM DDR-400 @$78.99 + 4.99 shipping,PQi,,
2007.08,0.078,2007,28-Feb,Web,,NewEgg.com,1048576,79.98,,1GB DIMM DDR2-800 @ $74.99 + $4.99 shipping,Patriot,,
2007.17,0.066,2007,15-Mar,Web,,NewEgg.com,2097152,134.98,,2x1 GB DIMM DDR2-667 @ $129.99 + 4.99 shipping,Wintec,,
2007.33,0.0464,2007,7-May,Web,,NewEgg.com,2097152,94.99,5-5-5-18,2x1 GB DIMM DDR2-800 @ $94.99 + free shipping,A-Data,,
2007.5,0.0386,2007,9-Jul,Web,,NewEgg.com,2097152,78.98,cas 5,2x1 GB DIMM DDR2-667 @ $73.99 + 4.99 shipping,Super Talent,,
2007.67,0.0351,2007,30-Sep,Web,,NewEgg.com,2097152,71.98,cas 5,2x1 GB DIMM DDR2-800 @ $66.99 + 4.99 shipping,Mushkin,,
2007.75,0.0322,2007,16-Oct,Web,,NewEgg.com,2097152,65.98,5-5-5-18,2x1 GB DIMM DDR2-800 @ $60.99 + 4.99 shipping,A-Data,,
2007.83,0.0244,2007,10-Nov,Web,,NewEgg.com,2097152,49.98,,2x1 GB DIMM DDR2-667 @ $44.99 + 4.99 shipping,Kingston,,
2007.92,0.0244,2007,5-Dec,Web,,NewEgg.com,2097152,49.95,5-5-5-15,2x1 GB DIMM DDR2-800 @ $49.95 + free shipping,G.Skill,,
2008,0.0232,2008,18-Jan,Web,,NewEgg.com,4194304,94.99,5-5-5-15,2x2 GB DIMM DDR2-800 @ $94.99 + free shipping,G.Skill,,
2008.08,0.022,2008,20-Feb,Web,,NewEgg.com,2097152,44.99,5-5-5-15,2x1 GB DIMM DDR2-800 @ $44.99 + free shipping,G.Skill,,
2008.33,0.022,2008,18-May,Web,,NewEgg.com,2097152,44.99,5-5-5-15,2x1 GB DIMM DDR2-800 @ $44.99 + free shipping,G.Skill,,
2008.5,0.0207,2008,7-Jul,Web,,NewEgg.com,4194304,84.98,5-5-5-18,2x2 GB DIMM DDR2-800 @ $77.99 + 5.99 shipping,A-Data,,
2008.58,0.0176,2008,21-Aug,Web,,NewEgg.com,2097152,35.99,,2x1 GB DIMM DDR2-667 @ $35.99 + free shipping,Crucial,,
2008.67,0.0146,2008,25-Sep,Web,,NewEgg.com,2097152,29.99,cas 5,2x1 GB DIMM DDR2-667 @ $29.99 + free shipping,Crucial,,
2008.83,0.011,2008,14-Nov,Web,,NewEgg.com,4194304,44.99,5-5-5-15,2x2 GB DIMM DDR2-800 @ $49.99 + free shipping,G.Skill,,
2008.92,0.0098,2008,14-Dec,Web,,NewEgg.com,4194304,39.99,5-5-5-15,2x2 GB DIMM DDR2-800 @ $39.99 + free shipping,G.Skill,,
2009,0.0098,2009,19-Jan,Web,,NewEgg.com,4194304,39.99,5-5-5-15,2x2 GB DIMM DDR2-800 @ $39.99 + free shipping,G.Skill,,
2009.08,0.0107,2009,14-Feb,Web,,NewEgg.com,2097152,21.99,cas 6,2x1 GB DIMM DDR2-800 @ $21.99 + free shipping,Kingston,,
2009.25,0.0105,2009,3-Apr,Web,,NewEgg.com,4194304,42.99,5-5-5-15,2x2 GB DIMM DDR2-800 @ $42.99 + free shipping,G.Skill,,
2009.42,0.0115,2009,3-Jun,Web,,NewEgg.com,4194304,46.99,5-5-5-18,2x2 GB DIMM DDR2-800 @ $46.99 + free shipping,Corsair,,
2009.5,0.011,2009,2-Jul,Web,,NewEgg.com,4194304,44.99,5-5-5-18,2x2 GB DIMM DDR2-800 @ $44.99 + free shipping,Corsair,,
2009.58,0.0127,2009,20-Aug,Web,,NewEgg.com,4194304,51.99,5-5-5-15,2x2 GB DIMM DDR2-800 @ $51.99 + free shipping,G.Skill,,
2009.75,0.0183,2009,7-Oct,Web,,NewEgg.com,4194304,74.99,5-5-5-15,2x2 GB DIMM DDR2-1066 @ $74.99 + free shipping,Patriot,,
2009.92,0.0205,2009,12-Dec,Web,,NewEgg.com,2097152,41.99,,1x2 GB DIMM DDR2-800 @ $41.99 + free shipping,Crucial,,
2010,0.019,2010,15-Jan,Web,,NewEgg.com,4194304,77.99,5-5-5-15,2x2 GB DIMM DDR2-800 @ $77.99 + free shipping,Wintec,,
2010.08,0.0202,2010,11-Feb,Web,,NewEgg.com,4194304,82.78,cas 5,2x2 GB DIMM DDR2-667 @ $79.99 + 2.99 shipping,Patriot,,
2010.17,0.0195,2010,10-Mar,Web,,NewEgg.com,2097152,39.99,cas 5,2x1 GB DIMM DDR2-800 @ $39.99 + free shipping,Wintec,,
2010.33,0.0242,2010,9-May,Web,,NewEgg.com,4194304,98.98,cas 5,2x2 GB DIMM DDR2-800 @ $92.99 + 5.99 shipping,PQi,,
2010.5,0.021,2010,25-Jul,Web,,NewEgg.com,4194304,85.98,9-9-9-20,2x2 GB DIMM DDR3-1333 @ $84.99 + 0.99 shipping,,,
2010.58,0.022,2010,26-Aug,Web,,NewEgg.com,4194304,89.99,9-9-9-24,2x2 GB DIMM DDR3-1333 @ $89.99 + free shipping,Patriot,,
2010.75,0.0171,2010,7-Oct,Web,,NewEgg.com,4194304,69.99,7-7-7-20,2x2 GB DIMM DDR3-1066 @ $69.99 + free shipping,OCZ Gold,,
2010.83,0.0146,2010,16-Nov,Web,,NewEgg.com,4194304,59.99,9-9-9-24,2x2 GB DIMM DDR3-1333 @ $59.99 + free shipping,Mushkin,,
2010.92,0.0122,2010,10-Dec,Web,,NewEgg.com,8388608,99.99,9-9-9-24,2x4 GB DIMM DDR3-1333 @ $99.99 + free shipping,Mushkin,,
2011,0.01,2011,21-Jan,Web,,NewEgg.com,4194304,40.98,cas 9,2x2 GB DIMM DDR3-1333 @ $40.98 + free shipping,A-Data,,
2011.08,0.0103,2011,12-Feb,Web,,NewEgg.com,4194304,41.99,cas 9,1x4 GB DIMM DDR3-1333 @ $41.99 + free shipping,Kingston,,
2011.33,0.01,2011,6-May,Web,,NewEgg.com,8388608,81.99,9-9-9-24,2x4 GB DIMM DDR3-1333 @ $81.99 + free shipping,GEIL,,
2011.42,0.0085,2011,22-Jun,Web,,NewEgg.com,8388608,69.99,cas 9,2x4 GB DIMM DDR3-1333 @ $69.99 + free shipping,Kingston,,
2011.67,0.0054,2011,2-Sep,Web,,NewEgg.com,4194304,21.99,cas 9,1x4 GB DIMM DDR3-1333 @ $21.99 + free shipping,Crucial,,
2011.75,0.0051,2011,17-Oct,Web,,NewEgg.com,8388608,41.99,cas 9,2x4 GB DIMM DDR3-1333 @ $41.99 + free shipping,PNY Optima,,
2012,0.0049,2012,12-Jan,Web,,NewEgg.com,8388608,39.99,9-9-9-24,2x4 GB DIMM DDR3-1600 @ $39.99 + free shipping,Corsair,,
2012.08,0.0049,2012,13-Feb,Web,,NewEgg.com,8388608,39.99,cas 9,2x4 GB DIMM DDR3-1600 @ $39.99 + free shipping,Kingston,,
2012.25,0.005,2012,8-Apr,Web,,NewEgg.com,8388608,40.99,9-9-9-24,2x4 GB DIMM DDR3-1333 @ $40.99 + free shipping,Patriot,,
2012.33,0.0049,2012,24-May,Web,,NewEgg.com,8388608,39.99,9-9-9-24,2x4 GB DIMM DDR3-1333 @ $39.99 + free shipping,Team Elite,,
2012.58,0.0048,2012,20-Aug,Web,,NewEgg.com,16777216,77.99,cas 9,2x8 GB DIMM DDR3-1333 @ $77.99 + free shipping,Kingston,,
2012.67,0.004,2012,21-Sep,Web,,NewEgg.com,16777216,64.79,10-10-10-28,2x8 GB DIMM DDR3-1600 @ $64.79 + free shipping,GEIL EVO Corsa,,
2012.83,0.0037,2012,17-Nov,Web,,NewEgg.com,8388608,29.99,cas 9,2x4 GB DIMM DDR3-1333 @ $29.99 + free shipping,Crucial Ballistix,,
2013,0.0043,2013,17-Jan,Web,,NewEgg.com,8388608,34.99,9-9-9-24,2x4 GB DIMM DDR3-1600 @ $34.99 + free shipping,Wintec One,,
2013.08,0.0054,2013,23-Feb,Web,,NewEgg.com,16777216,88.99,9-9-9-28,2x8 GB DIMM DDR3-1600 @ $88.99 + free shipping,GEIL EVO Corsa,,
2013.33,0.0067,2013,18-May,Web,,NewEgg.com,16777216,109.99,9-10-9-28,2x8 GB DIMM DDR3-1866 @ $109.99 + free shipping,GEIL,,
2013.42,0.0061,2013,30-Jun,Web,,NewEgg.com,8388608,49.99,cas 9,2x4 GB DIMM DDR3-1333 @ $49.99 + free shipping,,,
2013.58,0.0073,2013,9-Aug,Web,,NewEgg.com,8388608,59.99,2009/9/9,2x4 GB DIMM DDR3-1333 @ $59.99 + free shipping,WINTEC value,,
2013.67,0.0065,2013,7-Sep,Web,,NewEgg.com,8388608,52.99,cas 10,1x8 GB DIMM DDR3-1600 @ $52.99 + free shipping,Crucial,,
2013.75,0.0082,2013,16-Oct,Web,,NewEgg.com,16777216,133.99,10-11-10-30,2x8 GB DIMM DDR3-1866 @ $133.99 + free shipping,Patriot Intel ExMLE,,
2013.83,0.0085,2013,10-Nov,Web,,NewEgg.com,8388608,69.99,cas 9,1x8 GB DIMM DDR3-1600 @ $69.99 + free shipping,Crucial Ballistix Sport,,
2013.92,0.0079,2013,23-Dec,Web,,NewEgg.com,16777216,129.99,cas 11,2x8 GB DIMM DDR3-1600 @ $129.99 + free shipping,Silicon Power,,
2014.08,0.0095,2014,8-Feb,Web,,NewEgg.com,4194304,38.99,cas 10,1x4 GB DIMM DDR3-1600 @ $38.99 + free shipping,Patriot Viper 3,,
2014.17,0.0079,2014,13-Mar,Web,,NewEgg.com,8388608,64.99,cas 9,2x4 GB DIMM DDR3-1600 @ $64.99 + free shipping,HyperX XMP,,
2014.25,0.0073,2014,10-Apr,Web,,NewEgg.com,4194304,29.99,11-11-11-28,1x4 GB DIMM DDR3-1600 @ $29.99 + free shipping,Team,,
2014.42,0.0079,2014,19-Jun,Web,,NewEgg.com,8388608,64.99,9-9-9-24,2x4 GB DIMM DDR3-1333 @ $64.99 + free shipping,Team Elite,,
2014.58,0.0085,2014,2-Aug,Web,,NewEgg.com,8388608,69.99,9-9-9-24,2x4 GB DIMM DDR3-1600 @ $69.99 + free shipping,Team Vulcan,,
2014.67,0.0085,2014,13-Sep,Web,,NewEgg.com,8388608,69.99,9-9-9-24,2x4 GB DIMM DDR3-1600 @ $69.99 + free shipping,Team Vulcan,,
2014.83,0.0085,2014,11-Nov,Web,,NewEgg.com,4194304,34.99,11-11-11-30,1x4 GB DIMM DDR3-1600 @ $34.99 + free shipping,Pareema,,
2015,0.0078,2015,22-Jan,Web,,NewEgg.com,8388608,63.99,cas 10,1x8 GB DIMM DDR3-1866 @ $63.99 + free shipping,Hypexx Fury,,
2015.08,0.0073,2015,15-Feb,Web,,NewEgg.com,8388608,59.99,cas 11,2x4 GB DIMM DDR3-1600 @ $59.99 + free shipping,Crucial,,
2015.25,0.0061,2015,11-Apr,Web,,NewEgg.com,8388608,49.99,11-11-11-28,2x4 GB DIMM DDR3-1600 @ $49.99 + free shipping,Avexir,,
2015.33,0.0056,2015,15-May,Web,,NewEgg.com,16777216,91.99,9-9-9-24,2x8 GB DIMM DDR3-1600 @ $91.99 + free shipping,Team Vulcan,,
2015.5,0.0049,2015,10-Jul,Web,,NewEgg.com,8388608,39.99,11-11-11-28,1x8 GB DIMM DDR3-1600 @ $39.99 + free shipping,Team Elite,,
2015.58,0.0045,2015,23-Aug,Web,,NewEgg.com,16777216,73.99,9-9-9-24,2x8 GB DIMM DDR3L-1600 @ $73.99 + free shipping,Mushkin Enhanced ECO2,,
2015.67,0.0043,2015,22-Sep,Web,,NewEgg.com,8388608,34.99,9-9-9-24,2x4 GB DIMM DDR3-1333 @ $34.99 + free shipping,Team Elite,,
2015.75,0.0042,2015,24-Oct,Web,,NewEgg.com,16777216,68.99,9-9-9-24,2x8 GB DIMM DDR3-1600 @ $68.99 + free shipping,Team Dark,,
2015.83,0.0038,2015,21-Nov,Web,,NewEgg.com,16777216,62.99,9-9-9-24,2x8 GB DIMM DDR3-1600 @ $62.99 + free shipping,V-Color OC,,
2015.92,0.0037,2015,18-Dec,Web,,NewEgg.com,16777216,59.99,10-10-10-27,2x8 GB DIMM DDR3-1600 @ $59.99 + free shipping,Team Vulcan,,
2016.08,0.0036,2016,14-Feb,Web,,NewEgg.com,16777216,58.99,9-9-9-24,2x8 GB DIMM DDR3L-1600 @ $58.99 + free shipping,Mushkin Ehanced Essentials,,
2016.25,0.0031,2016,11-Apr,Web,,NewEgg.com,16777216,49.99,9-9-9-24,2x8 GB DIMM DDR3L-1600 @ $49.99 + free shipping,Mushkin Ehanced Essentials,,
2016.33,0.003,2016,18-May,Web,,NewEgg.com,16777216,48.99,,2x8 GB DIMM DDR4-2133 @ $48.99 + free shipping,Team Elite Plus,,
2016.42,0.0027,2016,20-Jun,Web,,NewEgg.com,16777216,44.99,10-11-10-30,2x8 GB DIMM DDR3-1866 @ $44.99 + free shipping,V-Color OC Series,,
2016.5,0.0031,2016,22-Jul,Web,,NewEgg.com,16777216,49.99,9-9-9-24,2x8 GB DIMM DDR3-1600 @ $49.99 + free shipping,Team Vulcan,,
2016.58,0.0035,2016,22-Aug,Web,,NewEgg.com,16777216,57.99,9-9-9-24,2x8 GB DIMM DDR3-1600 @ $57.99 + free shipping,Team Vulcan,,
